lag,accuracy_pct,mae,rmse,wape,r2,weighted_rhat,weighted_ess_bulk,weighted_ess_tail,n_rows
2,55.93146804500342,3.109403244134897,10.964889445883335,0.44068531954996587,0.9331430614799278,1.0032509897362651,1332.2030116026676,1592.3840355705138,17050
