lag,accuracy_pct,mae,rmse,wape,r2,weighted_rhat,weighted_ess_bulk,weighted_ess_tail,n_rows
2,43.11861814433675,4.0134568914956015,28.4557360315032,0.5688138185566325,0.5497252246688297,1.0034839499783395,1443.0842980894872,1911.5020974112144,17050
