lag,accuracy_pct,mae,rmse,wape,r2,weighted_rhat,weighted_ess_bulk,weighted_ess_tail,n_rows
2,50.801779947484384,1.9245391086186538,5.960124728763383,0.4919822005251561,0.8725679163626929,1.0045705580126285,981.5672627406364,1438.56044208614,8470
