lag,accuracy_pct,mae,rmse,wape,r2,weighted_rhat,weighted_ess_bulk,weighted_ess_tail,n_rows
2,55.81341706704792,3.1177327272727275,11.07343529577063,0.4418658293295208,0.9318128221842158,1.004747149099289,1377.9004573515556,1757.3876110628394,17050
