lag,accuracy_pct,mae,rmse,wape,r2,weighted_rhat,weighted_ess_bulk,weighted_ess_tail,n_rows
2,0.0,136.3247947214076,1494.796710419248,19.32085709298266,-1241.5167101278646,,,,17050
