lag,accuracy_pct,mae,rmse,wape,r2,weighted_rhat,weighted_ess_bulk,weighted_ess_tail,n_rows
2,55.967833816146026,3.106837335043988,10.884927233238537,0.44032166183853966,0.934114623595415,1.0056460828691756,1188.156688229996,1436.4404590087422,17050
