lag,accuracy_pct,mae,rmse,wape,r2,weighted_rhat,weighted_ess_bulk,weighted_ess_tail,n_rows
2,57.98475332405333,4.2940871827036595,14.24352996858295,0.4201524667594667,0.9388745283603149,1.005574581330912,894.0331351560131,1265.8301711462004,8470
